<?xml version="1.0" encoding="UTF-8"?>
<project-private xmlns="http://www.netbeans.org/ns/project-private/1">
    <editor-bookmarks xmlns="http://www.netbeans.org/ns/editor-bookmarks/2" lastBookmarkId="0"/>
    <open-files xmlns="http://www.netbeans.org/ns/projectui-open-files/2">
        <group>
            <file>file:/C:/Users/Cheng%20Thao/Documents/NetBeansProjects/CSC322%20Program3/src/com/jsoftware/test/api/IQuestionSet.java</file>
            <file>file:/C:/Users/Cheng%20Thao/Documents/NetBeansProjects/CSC322%20Program3/src/com/jsoftware/test/api/ITrueFalseQuestion.java</file>
            <file>file:/C:/Users/Cheng%20Thao/Documents/NetBeansProjects/CSC322%20Program3/src/com/jsoftware/test/api/IQuestion.java</file>
            <file>file:/C:/Users/Cheng%20Thao/Documents/NetBeansProjects/CSC322%20Program3/src/com/jsoftware/test/api/IFillInBlanksQuestion.java</file>
            <file>file:/C:/Users/Cheng%20Thao/Documents/NetBeansProjects/CSC322%20Program3/src/com/jsoftware/test/api/IShortAnswerQuestion.java</file>
            <file>file:/C:/Users/Cheng%20Thao/Documents/NetBeansProjects/CSC322%20Program3/src/com/jsoftware/test/api/IMultipleChoiceQuestion.java</file>
            <file>file:/C:/Users/Cheng%20Thao/Documents/NetBeansProjects/CSC322%20Program3/src/com/jsoftware/test/api/IQuestionFactory.java</file>
        </group>
    </open-files>
</project-private>
